06/16, 18
04/12, 17
04/15, 17
04/11, 14
05/04, 14
04/25, 13
04/17, 13
06/15, 13
03/27, 13
04/16, 12
04/23, 12
06/07, 11
03/14, 11
05/07, 11
06/08, 11
05/26, 11
03/28, 10
05/09, 10
02/20, 10
04/24, 10
04/20, 10
04/19, 10
06/06, 9
04/10, 9
02/21, 9
03/13, 8
05/08, 8
06/11, 8
05/02, 8
04/08, 8
06/12, 7
04/14, 7
03/15, 7
04/26, 7
04/29, 7
03/29, 7
05/20, 7
06/01, 7
03/11, 7
03/24, 7
06/17, 7
04/02, 6
05/05, 6
03/02, 6
04/06, 6
05/01, 6
04/13, 6
05/23, 6
05/15, 6
02/28, 6
02/27, 6
03/12, 6
05/28, 6
04/21, 6
03/07, 5
05/19, 5
03/31, 5
06/05, 5
03/04, 5
03/03, 5
06/10, 5
06/02, 5
06/04, 5
06/13, 5
05/11, 5
05/22, 5
03/19, 5
04/09, 4
04/01, 4
05/21, 4
04/18, 4
03/10, 4
05/10, 4
04/27, 4
02/23, 4
02/24, 4
06/03, 4
04/28, 4
01/27, 4
04/30, 4
02/19, 4
03/21, 4
05/27, 4
03/20, 4
02/18, 4
02/15, 4
03/09, 4
03/17, 4
02/25, 3
04/04, 3
02/13, 3
05/18, 3
03/30, 3
03/08, 3
04/22, 3
03/06, 3
02/09, 3
01/31, 3
06/14, 3
05/13, 3
03/23, 3
05/12, 3
03/16, 3
03/01, 3
02/10, 3
05/06, 3
01/21, 2
02/22, 2
05/31, 2
05/30, 2
05/03, 2
04/07, 2
01/29, 2
05/14, 2
02/07, 2
02/14, 2
03/25, 2
02/08, 2
01/25, 2
06/09, 2
04/05, 2
05/16, 2
05/17, 1
02/05, 1
02/03, 1
02/02, 1
02/16, 1
02/06, 1
02/17, 1
01/28, 1
03/26, 1
03/22, 1
01/23, 1
05/25, 1
01/22, 1
05/24, 1
03/05, 1
01/30, 1